--
-- PostgreSQL database dump
--

-- Dumped from database version 16.2 (Debian 16.2-1.pgdg120+2)
-- Dumped by pg_dump version 16.2 (Ubuntu 16.2-1.pgdg22.04+1)

SET statement_timeout = 0;
SET lock_timeout = 0;
SET idle_in_transaction_session_timeout = 0;
SET client_encoding = 'UTF8';
SET standard_conforming_strings = on;
SELECT pg_catalog.set_config('search_path', '', false);
SET check_function_bodies = false;
SET xmloption = content;
SET client_min_messages = warning;
SET row_security = off;

SET default_tablespace = '';

SET default_table_access_method = heap;

--
-- Name: auth_group; Type: TABLE; Schema: public; Owner: hello_todo
--

CREATE TABLE public.auth_group (
    id integer NOT NULL,
    name character varying(150) NOT NULL
);


ALTER TABLE public.auth_group OWNER TO hello_todo;

--
-- Name: auth_group_id_seq; Type: SEQUENCE; Schema: public; Owner: hello_todo
--

ALTER TABLE public.auth_group ALTER COLUMN id ADD GENERATED BY DEFAULT AS IDENTITY (
    SEQUENCE NAME public.auth_group_id_seq
    START WITH 1
    INCREMENT BY 1
    NO MINVALUE
    NO MAXVALUE
    CACHE 1
);


--
-- Name: auth_group_permissions; Type: TABLE; Schema: public; Owner: hello_todo
--

CREATE TABLE public.auth_group_permissions (
    id bigint NOT NULL,
    group_id integer NOT NULL,
    permission_id integer NOT NULL
);


ALTER TABLE public.auth_group_permissions OWNER TO hello_todo;

--
-- Name: auth_group_permissions_id_seq; Type: SEQUENCE; Schema: public; Owner: hello_todo
--

ALTER TABLE public.auth_group_permissions ALTER COLUMN id ADD GENERATED BY DEFAULT AS IDENTITY (
    SEQUENCE NAME public.auth_group_permissions_id_seq
    START WITH 1
    INCREMENT BY 1
    NO MINVALUE
    NO MAXVALUE
    CACHE 1
);


--
-- Name: auth_permission; Type: TABLE; Schema: public; Owner: hello_todo
--

CREATE TABLE public.auth_permission (
    id integer NOT NULL,
    name character varying(255) NOT NULL,
    content_type_id integer NOT NULL,
    codename character varying(100) NOT NULL
);


ALTER TABLE public.auth_permission OWNER TO hello_todo;

--
-- Name: auth_permission_id_seq; Type: SEQUENCE; Schema: public; Owner: hello_todo
--

ALTER TABLE public.auth_permission ALTER COLUMN id ADD GENERATED BY DEFAULT AS IDENTITY (
    SEQUENCE NAME public.auth_permission_id_seq
    START WITH 1
    INCREMENT BY 1
    NO MINVALUE
    NO MAXVALUE
    CACHE 1
);


--
-- Name: authapp_customuser; Type: TABLE; Schema: public; Owner: hello_todo
--

CREATE TABLE public.authapp_customuser (
    id bigint NOT NULL,
    password character varying(128) NOT NULL,
    last_login timestamp with time zone,
    is_superuser boolean NOT NULL,
    first_name character varying(150) NOT NULL,
    last_name character varying(150) NOT NULL,
    is_staff boolean NOT NULL,
    is_active boolean NOT NULL,
    date_joined timestamp with time zone NOT NULL,
    email character varying(254) NOT NULL
);


ALTER TABLE public.authapp_customuser OWNER TO hello_todo;

--
-- Name: authapp_customuser_groups; Type: TABLE; Schema: public; Owner: hello_todo
--

CREATE TABLE public.authapp_customuser_groups (
    id bigint NOT NULL,
    customuser_id bigint NOT NULL,
    group_id integer NOT NULL
);


ALTER TABLE public.authapp_customuser_groups OWNER TO hello_todo;

--
-- Name: authapp_customuser_groups_id_seq; Type: SEQUENCE; Schema: public; Owner: hello_todo
--

ALTER TABLE public.authapp_customuser_groups ALTER COLUMN id ADD GENERATED BY DEFAULT AS IDENTITY (
    SEQUENCE NAME public.authapp_customuser_groups_id_seq
    START WITH 1
    INCREMENT BY 1
    NO MINVALUE
    NO MAXVALUE
    CACHE 1
);


--
-- Name: authapp_customuser_id_seq; Type: SEQUENCE; Schema: public; Owner: hello_todo
--

ALTER TABLE public.authapp_customuser ALTER COLUMN id ADD GENERATED BY DEFAULT AS IDENTITY (
    SEQUENCE NAME public.authapp_customuser_id_seq
    START WITH 1
    INCREMENT BY 1
    NO MINVALUE
    NO MAXVALUE
    CACHE 1
);


--
-- Name: authapp_customuser_user_permissions; Type: TABLE; Schema: public; Owner: hello_todo
--

CREATE TABLE public.authapp_customuser_user_permissions (
    id bigint NOT NULL,
    customuser_id bigint NOT NULL,
    permission_id integer NOT NULL
);


ALTER TABLE public.authapp_customuser_user_permissions OWNER TO hello_todo;

--
-- Name: authapp_customuser_user_permissions_id_seq; Type: SEQUENCE; Schema: public; Owner: hello_todo
--

ALTER TABLE public.authapp_customuser_user_permissions ALTER COLUMN id ADD GENERATED BY DEFAULT AS IDENTITY (
    SEQUENCE NAME public.authapp_customuser_user_permissions_id_seq
    START WITH 1
    INCREMENT BY 1
    NO MINVALUE
    NO MAXVALUE
    CACHE 1
);


--
-- Name: django_admin_log; Type: TABLE; Schema: public; Owner: hello_todo
--

CREATE TABLE public.django_admin_log (
    id integer NOT NULL,
    action_time timestamp with time zone NOT NULL,
    object_id text,
    object_repr character varying(200) NOT NULL,
    action_flag smallint NOT NULL,
    change_message text NOT NULL,
    content_type_id integer,
    user_id bigint NOT NULL,
    CONSTRAINT django_admin_log_action_flag_check CHECK ((action_flag >= 0))
);


ALTER TABLE public.django_admin_log OWNER TO hello_todo;

--
-- Name: django_admin_log_id_seq; Type: SEQUENCE; Schema: public; Owner: hello_todo
--

ALTER TABLE public.django_admin_log ALTER COLUMN id ADD GENERATED BY DEFAULT AS IDENTITY (
    SEQUENCE NAME public.django_admin_log_id_seq
    START WITH 1
    INCREMENT BY 1
    NO MINVALUE
    NO MAXVALUE
    CACHE 1
);


--
-- Name: django_content_type; Type: TABLE; Schema: public; Owner: hello_todo
--

CREATE TABLE public.django_content_type (
    id integer NOT NULL,
    app_label character varying(100) NOT NULL,
    model character varying(100) NOT NULL
);


ALTER TABLE public.django_content_type OWNER TO hello_todo;

--
-- Name: django_content_type_id_seq; Type: SEQUENCE; Schema: public; Owner: hello_todo
--

ALTER TABLE public.django_content_type ALTER COLUMN id ADD GENERATED BY DEFAULT AS IDENTITY (
    SEQUENCE NAME public.django_content_type_id_seq
    START WITH 1
    INCREMENT BY 1
    NO MINVALUE
    NO MAXVALUE
    CACHE 1
);


--
-- Name: django_migrations; Type: TABLE; Schema: public; Owner: hello_todo
--

CREATE TABLE public.django_migrations (
    id bigint NOT NULL,
    app character varying(255) NOT NULL,
    name character varying(255) NOT NULL,
    applied timestamp with time zone NOT NULL
);


ALTER TABLE public.django_migrations OWNER TO hello_todo;

--
-- Name: django_migrations_id_seq; Type: SEQUENCE; Schema: public; Owner: hello_todo
--

ALTER TABLE public.django_migrations ALTER COLUMN id ADD GENERATED BY DEFAULT AS IDENTITY (
    SEQUENCE NAME public.django_migrations_id_seq
    START WITH 1
    INCREMENT BY 1
    NO MINVALUE
    NO MAXVALUE
    CACHE 1
);


--
-- Name: django_session; Type: TABLE; Schema: public; Owner: hello_todo
--

CREATE TABLE public.django_session (
    session_key character varying(40) NOT NULL,
    session_data text NOT NULL,
    expire_date timestamp with time zone NOT NULL
);


ALTER TABLE public.django_session OWNER TO hello_todo;

--
-- Name: todoapp_project; Type: TABLE; Schema: public; Owner: hello_todo
--

CREATE TABLE public.todoapp_project (
    id bigint NOT NULL,
    project_name character varying(256) NOT NULL,
    link_to_repo character varying(256),
    description text,
    created timestamp with time zone NOT NULL,
    updated timestamp with time zone NOT NULL,
    deleted boolean NOT NULL
);


ALTER TABLE public.todoapp_project OWNER TO hello_todo;

--
-- Name: todoapp_project_id_seq; Type: SEQUENCE; Schema: public; Owner: hello_todo
--

ALTER TABLE public.todoapp_project ALTER COLUMN id ADD GENERATED BY DEFAULT AS IDENTITY (
    SEQUENCE NAME public.todoapp_project_id_seq
    START WITH 1
    INCREMENT BY 1
    NO MINVALUE
    NO MAXVALUE
    CACHE 1
);


--
-- Name: todoapp_project_project_team; Type: TABLE; Schema: public; Owner: hello_todo
--

CREATE TABLE public.todoapp_project_project_team (
    id bigint NOT NULL,
    project_id bigint NOT NULL,
    customuser_id bigint NOT NULL
);


ALTER TABLE public.todoapp_project_project_team OWNER TO hello_todo;

--
-- Name: todoapp_project_project_team_id_seq; Type: SEQUENCE; Schema: public; Owner: hello_todo
--

ALTER TABLE public.todoapp_project_project_team ALTER COLUMN id ADD GENERATED BY DEFAULT AS IDENTITY (
    SEQUENCE NAME public.todoapp_project_project_team_id_seq
    START WITH 1
    INCREMENT BY 1
    NO MINVALUE
    NO MAXVALUE
    CACHE 1
);


--
-- Name: todoapp_todo; Type: TABLE; Schema: public; Owner: hello_todo
--

CREATE TABLE public.todoapp_todo (
    id bigint NOT NULL,
    body text NOT NULL,
    is_active boolean NOT NULL,
    created timestamp with time zone NOT NULL,
    updated timestamp with time zone NOT NULL,
    deleted boolean NOT NULL,
    project_id bigint NOT NULL,
    user_id bigint NOT NULL
);


ALTER TABLE public.todoapp_todo OWNER TO hello_todo;

--
-- Name: todoapp_todo_id_seq; Type: SEQUENCE; Schema: public; Owner: hello_todo
--

ALTER TABLE public.todoapp_todo ALTER COLUMN id ADD GENERATED BY DEFAULT AS IDENTITY (
    SEQUENCE NAME public.todoapp_todo_id_seq
    START WITH 1
    INCREMENT BY 1
    NO MINVALUE
    NO MAXVALUE
    CACHE 1
);


--
-- Name: token_blacklist_blacklistedtoken; Type: TABLE; Schema: public; Owner: hello_todo
--

CREATE TABLE public.token_blacklist_blacklistedtoken (
    id bigint NOT NULL,
    blacklisted_at timestamp with time zone NOT NULL,
    token_id bigint NOT NULL
);


ALTER TABLE public.token_blacklist_blacklistedtoken OWNER TO hello_todo;

--
-- Name: token_blacklist_blacklistedtoken_id_seq; Type: SEQUENCE; Schema: public; Owner: hello_todo
--

ALTER TABLE public.token_blacklist_blacklistedtoken ALTER COLUMN id ADD GENERATED BY DEFAULT AS IDENTITY (
    SEQUENCE NAME public.token_blacklist_blacklistedtoken_id_seq
    START WITH 1
    INCREMENT BY 1
    NO MINVALUE
    NO MAXVALUE
    CACHE 1
);


--
-- Name: token_blacklist_outstandingtoken; Type: TABLE; Schema: public; Owner: hello_todo
--

CREATE TABLE public.token_blacklist_outstandingtoken (
    id bigint NOT NULL,
    token text NOT NULL,
    created_at timestamp with time zone,
    expires_at timestamp with time zone NOT NULL,
    user_id bigint,
    jti character varying(255) NOT NULL
);


ALTER TABLE public.token_blacklist_outstandingtoken OWNER TO hello_todo;

--
-- Name: token_blacklist_outstandingtoken_id_seq; Type: SEQUENCE; Schema: public; Owner: hello_todo
--

ALTER TABLE public.token_blacklist_outstandingtoken ALTER COLUMN id ADD GENERATED BY DEFAULT AS IDENTITY (
    SEQUENCE NAME public.token_blacklist_outstandingtoken_id_seq
    START WITH 1
    INCREMENT BY 1
    NO MINVALUE
    NO MAXVALUE
    CACHE 1
);


--
-- Data for Name: auth_group; Type: TABLE DATA; Schema: public; Owner: hello_todo
--

COPY public.auth_group (id, name) FROM stdin;
\.


--
-- Data for Name: auth_group_permissions; Type: TABLE DATA; Schema: public; Owner: hello_todo
--

COPY public.auth_group_permissions (id, group_id, permission_id) FROM stdin;
\.


--
-- Data for Name: auth_permission; Type: TABLE DATA; Schema: public; Owner: hello_todo
--

COPY public.auth_permission (id, name, content_type_id, codename) FROM stdin;
1	Can add log entry	1	add_logentry
2	Can change log entry	1	change_logentry
3	Can delete log entry	1	delete_logentry
4	Can view log entry	1	view_logentry
5	Can add permission	2	add_permission
6	Can change permission	2	change_permission
7	Can delete permission	2	delete_permission
8	Can view permission	2	view_permission
9	Can add group	3	add_group
10	Can change group	3	change_group
11	Can delete group	3	delete_group
12	Can view group	3	view_group
13	Can add content type	4	add_contenttype
14	Can change content type	4	change_contenttype
15	Can delete content type	4	delete_contenttype
16	Can view content type	4	view_contenttype
17	Can add session	5	add_session
18	Can change session	5	change_session
19	Can delete session	5	delete_session
20	Can view session	5	view_session
21	Can add blacklisted token	6	add_blacklistedtoken
22	Can change blacklisted token	6	change_blacklistedtoken
23	Can delete blacklisted token	6	delete_blacklistedtoken
24	Can view blacklisted token	6	view_blacklistedtoken
25	Can add outstanding token	7	add_outstandingtoken
26	Can change outstanding token	7	change_outstandingtoken
27	Can delete outstanding token	7	delete_outstandingtoken
28	Can view outstanding token	7	view_outstandingtoken
29	Can add user	8	add_customuser
30	Can change user	8	change_customuser
31	Can delete user	8	delete_customuser
32	Can view user	8	view_customuser
33	Can add project	9	add_project
34	Can change project	9	change_project
35	Can delete project	9	delete_project
36	Can view project	9	view_project
37	Can add to do	10	add_todo
38	Can change to do	10	change_todo
39	Can delete to do	10	delete_todo
40	Can view to do	10	view_todo
\.


--
-- Data for Name: authapp_customuser; Type: TABLE DATA; Schema: public; Owner: hello_todo
--

COPY public.authapp_customuser (id, password, last_login, is_superuser, first_name, last_name, is_staff, is_active, date_joined, email) FROM stdin;
1	pbkdf2_sha256$720000$CKpU4eh55upAjmNiFWaihR$WwxUaSM4pFASb9zlQ+VY5mjuKquAddcfJlVm2Hsqpyo=	\N	t			t	t	2024-04-09 21:08:28.63485+00	admin@mail.ru
2	pbkdf2_sha256$720000$nrjYfDDkCUEJyxDZLbZiY0$xXbsEZ7xI5cRqELId+maMK/FcT8hY/PHZwJLtwrw8kg=	\N	f			f	t	2024-04-09 21:08:29.168305+00	user1@user.ru
3	pbkdf2_sha256$720000$6DP57HMlNKGBgElU2uVIvi$ldsR2xXUmwHlJpZTZts42zJlnG9cMwO4qxdFP6cpcaE=	\N	f			f	t	2024-04-09 21:08:29.641005+00	user2@user.ru
4	pbkdf2_sha256$720000$lElcCGSxO6bwN8Udx6GPby$XlkItJj+M0wUUfcLBVZF/hiSICqT5841t5hJmbhF0bY=	\N	f			f	t	2024-04-09 21:08:30.097584+00	user3@user.ru
5	pbkdf2_sha256$720000$EfsACXekVpCU5Jno2BYNVV$nU3+GkgjNf+4xKvNSVWHQSMKQfT/GD73HsSSSnYJm1k=	\N	f			f	t	2024-04-09 21:08:30.569805+00	user4@user.ru
6	pbkdf2_sha256$720000$nbi4T9EcHXylABCtPU4WP3$/MKmID0E8OI+TCEqE2EnplkvYoFi02BQLXZnSxz0s/E=	\N	f			f	t	2024-04-09 21:08:31.147769+00	user5@user.ru
7	pbkdf2_sha256$720000$yKyhZqpGqVtkVEnBsr7ncS$rVPmkF7oorsAMYez8hPwM9pJagscZ9Psy0BxdmezvvY=	\N	f			f	t	2024-04-09 21:08:31.625706+00	user6@user.ru
8	pbkdf2_sha256$720000$EOFGa3dX5IdIziIJSkG2ez$hpAKAj18azF99x2kekYxPw3wZGWK2iVhLZDBifFKdWk=	\N	f			f	t	2024-04-09 21:08:32.092094+00	user7@user.ru
9	pbkdf2_sha256$720000$jW3DsncQjdEk21hnTkfLL0$f/h0aM5MJ5bc9WoFgsGmxrOMStv3BnSA96LBjQDgyro=	\N	f			f	t	2024-04-09 21:08:32.547031+00	user8@user.ru
10	pbkdf2_sha256$720000$H0jSOSto0B2XgbQkhdW9BM$KwF554dVIjwjOSCutQfB92TQu0d/0TgIoHSB3lsQzwg=	\N	f			f	t	2024-04-09 21:08:33.002718+00	user9@user.ru
11	pbkdf2_sha256$720000$MIwg2ZIehCp036v4pwCwmQ$jT0EB6ulFsFTEDtAPg6B9aa432FovB2mfNUX02/S+cU=	\N	f			f	t	2024-04-09 21:08:33.457728+00	user10@user.ru
12	pbkdf2_sha256$720000$MGPcQ8i9wM9UKAz1a7xi7y$dJGB7/DIgkIIoKCwkl7M1gu+arVd+s6Xa8SlUCqihPM=	\N	f			f	t	2024-04-09 21:08:33.918895+00	user11@user.ru
13	pbkdf2_sha256$720000$cd8d8IkfmYq5f3gYhxYuet$3OxE1gYZI0yvfbcj2VerAEOkuiDrP9rHLwmGvMugdtk=	\N	f			f	t	2024-04-09 21:08:34.372295+00	user12@user.ru
14	pbkdf2_sha256$720000$qSTc3zKH7HL0nccLFneM2Q$k0mGVEPEpM7qL9l/Z3vF86Shj2YlAajNQ5+BplvLDGw=	\N	f			f	t	2024-04-09 21:08:34.827697+00	user13@user.ru
15	pbkdf2_sha256$720000$5AdzUtwR1kbVUin5gAr3ht$KO0N7GWGXaK8LxrbrEcpozsuopQze5klvDzldFGLfHI=	\N	f			f	t	2024-04-09 21:08:35.291812+00	user14@user.ru
16	pbkdf2_sha256$720000$ARXwlXjRWOwup1PyYN5b7U$L49Aty/dvo8R7RG2gK4nbGtk7g1LG/e8MlZ/LMp9180=	\N	f			f	t	2024-04-09 21:08:35.745074+00	user15@user.ru
17	pbkdf2_sha256$720000$BtSvKsx8f0itNi5Exn4dh7$c4MTbQwICgym05Ahe8vESmc+gXxrp/R8MHxnufguQ3Q=	\N	f			f	t	2024-04-09 21:08:36.299497+00	user16@user.ru
18	pbkdf2_sha256$720000$lWGOG2qoLN5SynmtED4xKm$cJC+Q68SAXfKCmoT2X/ibW2alIgzXgeMLPnUZL45LoE=	\N	f			f	t	2024-04-09 21:08:36.75274+00	user17@user.ru
\.


--
-- Data for Name: authapp_customuser_groups; Type: TABLE DATA; Schema: public; Owner: hello_todo
--

COPY public.authapp_customuser_groups (id, customuser_id, group_id) FROM stdin;
\.


--
-- Data for Name: authapp_customuser_user_permissions; Type: TABLE DATA; Schema: public; Owner: hello_todo
--

COPY public.authapp_customuser_user_permissions (id, customuser_id, permission_id) FROM stdin;
\.


--
-- Data for Name: django_admin_log; Type: TABLE DATA; Schema: public; Owner: hello_todo
--

COPY public.django_admin_log (id, action_time, object_id, object_repr, action_flag, change_message, content_type_id, user_id) FROM stdin;
\.


--
-- Data for Name: django_content_type; Type: TABLE DATA; Schema: public; Owner: hello_todo
--

COPY public.django_content_type (id, app_label, model) FROM stdin;
1	admin	logentry
2	auth	permission
3	auth	group
4	contenttypes	contenttype
5	sessions	session
6	token_blacklist	blacklistedtoken
7	token_blacklist	outstandingtoken
8	authapp	customuser
9	todoapp	project
10	todoapp	todo
\.


--
-- Data for Name: django_migrations; Type: TABLE DATA; Schema: public; Owner: hello_todo
--

COPY public.django_migrations (id, app, name, applied) FROM stdin;
1	contenttypes	0001_initial	2024-04-08 20:29:41.117749+00
2	contenttypes	0002_remove_content_type_name	2024-04-08 20:29:41.124574+00
3	auth	0001_initial	2024-04-08 20:29:41.155275+00
4	auth	0002_alter_permission_name_max_length	2024-04-08 20:29:41.160777+00
5	auth	0003_alter_user_email_max_length	2024-04-08 20:29:41.166355+00
6	auth	0004_alter_user_username_opts	2024-04-08 20:29:41.171887+00
7	auth	0005_alter_user_last_login_null	2024-04-08 20:29:41.181472+00
8	auth	0006_require_contenttypes_0002	2024-04-08 20:29:41.183311+00
9	auth	0007_alter_validators_add_error_messages	2024-04-08 20:29:41.189773+00
10	auth	0008_alter_user_username_max_length	2024-04-08 20:29:41.197904+00
11	auth	0009_alter_user_last_name_max_length	2024-04-08 20:29:41.204164+00
12	auth	0010_alter_group_name_max_length	2024-04-08 20:29:41.210954+00
13	auth	0011_update_proxy_permissions	2024-04-08 20:29:41.223449+00
14	auth	0012_alter_user_first_name_max_length	2024-04-08 20:29:41.234401+00
15	authapp	0001_initial	2024-04-08 20:29:41.273528+00
16	admin	0001_initial	2024-04-08 20:29:41.291794+00
17	admin	0002_logentry_remove_auto_add	2024-04-08 20:29:41.300004+00
18	admin	0003_logentry_add_action_flag_choices	2024-04-08 20:29:41.308172+00
19	authapp	0002_alter_customuser_managers	2024-04-08 20:29:41.316252+00
20	sessions	0001_initial	2024-04-08 20:29:41.326097+00
21	todoapp	0001_initial	2024-04-08 20:29:41.420608+00
22	todoapp	0002_alter_project_project_team	2024-04-08 20:29:41.433556+00
23	token_blacklist	0001_initial	2024-04-08 20:29:41.473257+00
24	token_blacklist	0002_outstandingtoken_jti_hex	2024-04-08 20:29:41.48603+00
25	token_blacklist	0003_auto_20171017_2007	2024-04-08 20:29:41.500115+00
26	token_blacklist	0004_auto_20171017_2013	2024-04-08 20:29:41.514448+00
27	token_blacklist	0005_remove_outstandingtoken_jti	2024-04-08 20:29:41.526183+00
28	token_blacklist	0006_auto_20171017_2113	2024-04-08 20:29:41.539091+00
29	token_blacklist	0007_auto_20171017_2214	2024-04-08 20:29:41.568053+00
30	token_blacklist	0008_migrate_to_bigautofield	2024-04-08 20:29:41.60876+00
31	token_blacklist	0010_fix_migrate_to_bigautofield	2024-04-08 20:29:41.626309+00
32	token_blacklist	0011_linearizes_history	2024-04-08 20:29:41.628555+00
33	token_blacklist	0012_alter_outstandingtoken_user	2024-04-08 20:29:41.641908+00
\.


--
-- Data for Name: django_session; Type: TABLE DATA; Schema: public; Owner: hello_todo
--

COPY public.django_session (session_key, session_data, expire_date) FROM stdin;
\.


--
-- Data for Name: todoapp_project; Type: TABLE DATA; Schema: public; Owner: hello_todo
--

COPY public.todoapp_project (id, project_name, link_to_repo, description, created, updated, deleted) FROM stdin;
1	Пошли гулять по городу мечты	https://lkcam.sarbc.ru/cameras	Хотя, может ни одной камеры по пути и не попадется...Но это не точно	2024-04-11 07:48:07.336299+00	2024-04-11 07:48:07.336321+00	f
2	Мой любимый проект	https://github.com/aastavitskaya/ToDo	Кое-что про SPA	2024-04-11 14:40:00.499098+00	2024-04-11 14:40:00.49912+00	f
3	🤍 Всё получилось	https://teisy.ru	Как и всегда, когда ты	2024-04-19 20:40:26.071317+00	2024-04-19 20:40:26.071348+00	f
\.


--
-- Data for Name: todoapp_project_project_team; Type: TABLE DATA; Schema: public; Owner: hello_todo
--

COPY public.todoapp_project_project_team (id, project_id, customuser_id) FROM stdin;
1	1	1
2	2	1
3	2	2
4	2	3
5	2	4
6	3	1
7	3	2
8	3	3
9	3	4
10	3	5
11	3	6
12	3	7
13	3	8
\.


--
-- Data for Name: todoapp_todo; Type: TABLE DATA; Schema: public; Owner: hello_todo
--

COPY public.todoapp_todo (id, body, is_active, created, updated, deleted, project_id, user_id) FROM stdin;
2	Пора бы уже заняться SSL	t	2024-04-11 14:40:55.529908+00	2024-04-11 14:40:55.529926+00	f	2	1
1	Пошли ❤️	t	2024-04-11 09:32:49.831869+00	2024-04-11 09:32:49.831893+00	f	1	1
3	"Every breath you take  And every push you make  Every pull you merge, every step you take  I'll be watching you"	t	2024-04-19 20:48:26.72563+00	2024-04-19 20:48:26.725663+00	f	3	1
\.


--
-- Data for Name: token_blacklist_blacklistedtoken; Type: TABLE DATA; Schema: public; Owner: hello_todo
--

COPY public.token_blacklist_blacklistedtoken (id, blacklisted_at, token_id) FROM stdin;
\.


--
-- Data for Name: token_blacklist_outstandingtoken; Type: TABLE DATA; Schema: public; Owner: hello_todo
--

COPY public.token_blacklist_outstandingtoken (id, token, created_at, expires_at, user_id, jti) FROM stdin;
1	eyJhbGciOiJIUzI1NiIsInR5cCI6IkpXVCJ9.eyJ0b2tlbl90eXBlIjoicmVmcmVzaCIsImV4cCI6MTcxMjg3MDkxMiwiaWF0IjoxNzEyNzg0NTEyLCJqdGkiOiJhNTA5NGNkMmIyZDM0NDc0ODdlMjY5NzRhNGZkMGQ4MyIsInVzZXJfaWQiOjF9.DfmNO7NbF94LMbNqzUfiPNXj30zK0HVLUpEZzYdxESQ	2024-04-10 21:28:32.270696+00	2024-04-11 21:28:32+00	1	a5094cd2b2d3447487e26974a4fd0d83
2	eyJhbGciOiJIUzI1NiIsInR5cCI6IkpXVCJ9.eyJ0b2tlbl90eXBlIjoicmVmcmVzaCIsImV4cCI6MTcxMjg3MTAzNCwiaWF0IjoxNzEyNzg0NjM0LCJqdGkiOiJjZmIxOGQzMmVjNjE0M2M0ODdhOTVhOTQxMGRjOTJiZSIsInVzZXJfaWQiOjF9.fKXG52rnKjM6SDu4ifZSKN2wpEOFk1eCt5pOptqvSDo	2024-04-10 21:30:34.128661+00	2024-04-11 21:30:34+00	1	cfb18d32ec6143c487a95a9410dc92be
3	eyJhbGciOiJIUzI1NiIsInR5cCI6IkpXVCJ9.eyJ0b2tlbl90eXBlIjoicmVmcmVzaCIsImV4cCI6MTcxMjg5NjE0OCwiaWF0IjoxNzEyODA5NzQ4LCJqdGkiOiJhMzdlM2M5YmE0ZmE0NmFhOGZmZGI1ZGU5YjE1NWFlNSIsInVzZXJfaWQiOjF9.yWIBtHF38Rm7Hz8Ca1PeNTrk6RxNFHSpgIIRIppkTiw	2024-04-11 04:29:08.732779+00	2024-04-12 04:29:08+00	1	a37e3c9ba4fa46aa8ffdb5de9b155ae5
4	eyJhbGciOiJIUzI1NiIsInR5cCI6IkpXVCJ9.eyJ0b2tlbl90eXBlIjoicmVmcmVzaCIsImV4cCI6MTcxMjg5NjE3MiwiaWF0IjoxNzEyODA5NzcyLCJqdGkiOiJkMTE4ZTBkNTg5M2U0OTc4YjBmNzkyYjUwZjA5ZjY2MyIsInVzZXJfaWQiOjJ9.RhxA03SN9givFhgc2u0o2ziJ2KZ2kybLu_g1qlbdtmo	2024-04-11 04:29:32.886697+00	2024-04-12 04:29:32+00	2	d118e0d5893e4978b0f792b50f09f663
5	eyJhbGciOiJIUzI1NiIsInR5cCI6IkpXVCJ9.eyJ0b2tlbl90eXBlIjoicmVmcmVzaCIsImV4cCI6MTcxMjkwNzkzMCwiaWF0IjoxNzEyODIxNTMwLCJqdGkiOiJkMGJlMjhiZGJjYTI0YTQ2YTM2N2M0MTEzYTcwNjljZCIsInVzZXJfaWQiOjF9.7XM8_ig1BP0s0b6fUS5B7a5Pvfvs_vBbzXtL4_xSc7Q	2024-04-11 07:45:30.282865+00	2024-04-12 07:45:30+00	1	d0be28bdbca24a46a367c4113a7069cd
6	eyJhbGciOiJIUzI1NiIsInR5cCI6IkpXVCJ9.eyJ0b2tlbl90eXBlIjoicmVmcmVzaCIsImV4cCI6MTcxMjkwODgwNSwiaWF0IjoxNzEyODIyNDA1LCJqdGkiOiJiOGJjMjEwMTU2OTk0ODQ5OWMxOWJiZGNmM2RiYTU3MiIsInVzZXJfaWQiOjF9.8i8Occ_j1EmcT-DJLoUAsbKnvQM3VVyi65KEneCtosA	2024-04-11 08:00:05.449621+00	2024-04-12 08:00:05+00	1	b8bc2101569948499c19bbdcf3dba572
7	eyJhbGciOiJIUzI1NiIsInR5cCI6IkpXVCJ9.eyJ0b2tlbl90eXBlIjoicmVmcmVzaCIsImV4cCI6MTcxMjkwODg0NiwiaWF0IjoxNzEyODIyNDQ2LCJqdGkiOiIxNGFlMDgwYWI1YjU0NDRmOWFiNzM5MzBhNThjMTFhYiIsInVzZXJfaWQiOjF9.OjzzyQ7Mas2Xhpl_yTPxRfilK5JIIQrkXf5_rH5x-lE	2024-04-11 08:00:46.563949+00	2024-04-12 08:00:46+00	1	14ae080ab5b5444f9ab73930a58c11ab
8	eyJhbGciOiJIUzI1NiIsInR5cCI6IkpXVCJ9.eyJ0b2tlbl90eXBlIjoicmVmcmVzaCIsImV4cCI6MTcxMjkxNDI2OSwiaWF0IjoxNzEyODI3ODY5LCJqdGkiOiJhMzgwMGUxMjgyMTc0YTUxODBlNjA5MzMzNmU0MGZjOCIsInVzZXJfaWQiOjF9.zqFUnFn3rCni_qMn2f4zd-6XejhvRDjbkwfBDzXDHGI	2024-04-11 09:31:09.587494+00	2024-04-12 09:31:09+00	1	a3800e1282174a5180e6093336e40fc8
9	eyJhbGciOiJIUzI1NiIsInR5cCI6IkpXVCJ9.eyJ0b2tlbl90eXBlIjoicmVmcmVzaCIsImV4cCI6MTcxMjkxNDQ3OSwiaWF0IjoxNzEyODI4MDc5LCJqdGkiOiI1OTdhYzU2MjIwMjk0YTdiYmFmMDYyZjI4OTU0OGFjNiIsInVzZXJfaWQiOjF9.QTkuIwmycGO1sNFlgGREOhyQFNKx62U2z57kV24jQrI	2024-04-11 09:34:39.182766+00	2024-04-12 09:34:39+00	1	597ac56220294a7bbaf062f289548ac6
10	eyJhbGciOiJIUzI1NiIsInR5cCI6IkpXVCJ9.eyJ0b2tlbl90eXBlIjoicmVmcmVzaCIsImV4cCI6MTcxMjk4NTc5OCwiaWF0IjoxNzEyODk5Mzk4LCJqdGkiOiJmMDM2ZDM3MGFiNDc0OGMzYjI0YjY2ZWU5MmRlODdkOCIsInVzZXJfaWQiOjF9.xgqlVp6W6eF_hSHj9Okq0TzMnvCrKQfUURJ-pkA1_gs	2024-04-12 05:23:18.409112+00	2024-04-13 05:23:18+00	1	f036d370ab4748c3b24b66ee92de87d8
11	eyJhbGciOiJIUzI1NiIsInR5cCI6IkpXVCJ9.eyJ0b2tlbl90eXBlIjoicmVmcmVzaCIsImV4cCI6MTcxMjk4NTk0NiwiaWF0IjoxNzEyODk5NTQ2LCJqdGkiOiI5MzUyYzhlYmY1N2I0MDhmYjliYzg1MjRmNTVmOWM4MSIsInVzZXJfaWQiOjF9.guNFr6X2fyNZQYeHx57JBavkARaTWSp9kvISUdSPCDI	2024-04-12 05:25:46.377817+00	2024-04-13 05:25:46+00	1	9352c8ebf57b408fb9bc8524f55f9c81
12	eyJhbGciOiJIUzI1NiIsInR5cCI6IkpXVCJ9.eyJ0b2tlbl90eXBlIjoicmVmcmVzaCIsImV4cCI6MTcxMjk4Nzc1NCwiaWF0IjoxNzEyOTAxMzU0LCJqdGkiOiIyMzVmNTZmZGFlZTY0MjZkYmRlMzI3NzlmZGUxZmY2MiIsInVzZXJfaWQiOjF9.fIuo_Ov8i51AABaPCdMmt8hvgPuPPRyyd8aYJfs35hw	2024-04-12 05:55:54.999743+00	2024-04-13 05:55:54+00	1	235f56fdaee6426dbde32779fde1ff62
13	eyJhbGciOiJIUzI1NiIsInR5cCI6IkpXVCJ9.eyJ0b2tlbl90eXBlIjoicmVmcmVzaCIsImV4cCI6MTcxMzAwNTQwMiwiaWF0IjoxNzEyOTE5MDAyLCJqdGkiOiJlNzQ3M2I5MzBiMTk0NzAzYWYyNDk3ZjNmNmVhYjVjYiIsInVzZXJfaWQiOjF9.3SOyZ0XMeO5zNBX5mh939DXwjRA2W-1h-ODlZ5_fXWo	2024-04-12 10:50:02.377491+00	2024-04-13 10:50:02+00	1	e7473b930b194703af2497f3f6eab5cb
14	eyJhbGciOiJIUzI1NiIsInR5cCI6IkpXVCJ9.eyJ0b2tlbl90eXBlIjoicmVmcmVzaCIsImV4cCI6MTcxMzE2MDY3NCwiaWF0IjoxNzEzMDc0Mjc0LCJqdGkiOiI5YjVjNTkzYjE4OGQ0YWVlOThkZWYzYzgxNThkM2RjNyIsInVzZXJfaWQiOjF9.lcYTil_nDxHC1W5UsGthsh_0l3TWVZSP-uYdYzGIROU	2024-04-14 05:57:54.523622+00	2024-04-15 05:57:54+00	1	9b5c593b188d4aee98def3c8158d3dc7
15	eyJhbGciOiJIUzI1NiIsInR5cCI6IkpXVCJ9.eyJ0b2tlbl90eXBlIjoicmVmcmVzaCIsImV4cCI6MTcxMzU4MzEyOSwiaWF0IjoxNzEzNDk2NzI5LCJqdGkiOiJhNjkyZGQ4NWQzZGU0MzQzYjgxMjM2M2JhZDA0MmE2NSIsInVzZXJfaWQiOjF9.qStNvH-dNoQGY7Ujuxe-Vje2_BU7KO72HTfc53DFq0A	2024-04-19 03:18:49.370623+00	2024-04-20 03:18:49+00	1	a692dd85d3de4343b812363bad042a65
16	eyJhbGciOiJIUzI1NiIsInR5cCI6IkpXVCJ9.eyJ0b2tlbl90eXBlIjoicmVmcmVzaCIsImV4cCI6MTcxMzYyMTQ4NCwiaWF0IjoxNzEzNTM1MDg0LCJqdGkiOiJlMGEyZDAzMTY1ZGY0M2YwYmU4YzAxMzdiZDg4Njg5MSIsInVzZXJfaWQiOjF9.ChDvyxdg5TEQQ3fiDkU1IYuJ3EWbpjCVprAV5cy6t1I	2024-04-19 13:58:04.518505+00	2024-04-20 13:58:04+00	1	e0a2d03165df43f0be8c0137bd886891
17	eyJhbGciOiJIUzI1NiIsInR5cCI6IkpXVCJ9.eyJ0b2tlbl90eXBlIjoicmVmcmVzaCIsImV4cCI6MTcxMzY0NTU0OCwiaWF0IjoxNzEzNTU5MTQ4LCJqdGkiOiJiN2UyNTZmYTI0Y2I0MWY2OGQ3M2M1YzQwZTZiYzQ1MiIsInVzZXJfaWQiOjF9.meztsG-ofGgjK8JKeiwsl1IMLSBQ36JcoO-SgL2x8pc	2024-04-19 20:39:08.404631+00	2024-04-20 20:39:08+00	1	b7e256fa24cb41f68d73c5c40e6bc452
18	eyJhbGciOiJIUzI1NiIsInR5cCI6IkpXVCJ9.eyJ0b2tlbl90eXBlIjoicmVmcmVzaCIsImV4cCI6MTcxMzY4NTMxMSwiaWF0IjoxNzEzNTk4OTExLCJqdGkiOiI5OGUwZWU2OTc5ZTQ0ZTBlOTAxYjA2NzA5ZmU0YzQ3OSIsInVzZXJfaWQiOjF9.syZgup1RBiXwPE8iVXmg4STpLl6-ECbuuRJiVFTaLXw	2024-04-20 07:41:51.297431+00	2024-04-21 07:41:51+00	1	98e0ee6979e44e0e901b06709fe4c479
19	eyJhbGciOiJIUzI1NiIsInR5cCI6IkpXVCJ9.eyJ0b2tlbl90eXBlIjoicmVmcmVzaCIsImV4cCI6MTcxMzc4MTk3MywiaWF0IjoxNzEzNjk1NTczLCJqdGkiOiJmZWFmODI5ZDYyMTU0ZmEyODA5ZGIxMDI3M2M1OTAwNSIsInVzZXJfaWQiOjF9.BEjcNAIeaI84Hz6spKQL6B-pHz1JGJ2CsWwurplXXPw	2024-04-21 10:32:53.672973+00	2024-04-22 10:32:53+00	1	feaf829d62154fa2809db10273c59005
20	eyJhbGciOiJIUzI1NiIsInR5cCI6IkpXVCJ9.eyJ0b2tlbl90eXBlIjoicmVmcmVzaCIsImV4cCI6MTcxNDA2MzYxMiwiaWF0IjoxNzEzOTc3MjEyLCJqdGkiOiIyNDYzMmU5ZjYyMWE0NDdiOTk2MDdjYzg5MWRmYzVmMyIsInVzZXJfaWQiOjF9.Q3xAQoRExQOXiAejP24N7LfSbNL8TQvyDeVnZgKqkOQ	2024-04-24 16:46:52.915688+00	2024-04-25 16:46:52+00	1	24632e9f621a447b99607cc891dfc5f3
21	eyJhbGciOiJIUzI1NiIsInR5cCI6IkpXVCJ9.eyJ0b2tlbl90eXBlIjoicmVmcmVzaCIsImV4cCI6MTcxNDEyMTIyNiwiaWF0IjoxNzE0MDM0ODI2LCJqdGkiOiI1NGM3M2JjZDA4ZmQ0OTBlYjU2MTIwYWNlZTJjOTZjOCIsInVzZXJfaWQiOjF9.z2DVbYaWZD8Gk3s4TbzadObKmgQQ-DsbIcZRTCcMHxU	2024-04-25 08:47:06.978645+00	2024-04-26 08:47:06+00	1	54c73bcd08fd490eb56120acee2c96c8
22	eyJhbGciOiJIUzI1NiIsInR5cCI6IkpXVCJ9.eyJ0b2tlbl90eXBlIjoicmVmcmVzaCIsImV4cCI6MTcxNDY2ODYyNywiaWF0IjoxNzE0NTgyMjI3LCJqdGkiOiJhNjdhMDY4ZmM3NjE0NjRjYmExMjEzZGM1NmEzYmE2MCIsInVzZXJfaWQiOjF9.Io75s15oBY7g-cyn1SMA0F7W4Agwt0FGudnEN3zrJtA	2024-05-01 16:50:27.11234+00	2024-05-02 16:50:27+00	1	a67a068fc761464cba1213dc56a3ba60
23	eyJhbGciOiJIUzI1NiIsInR5cCI6IkpXVCJ9.eyJ0b2tlbl90eXBlIjoicmVmcmVzaCIsImV4cCI6MTcxNDY4MTAwOSwiaWF0IjoxNzE0NTk0NjA5LCJqdGkiOiJlNjczYTE0NTBkM2E0MTc5OWY3MzAyZGZmYjE3NjcxYSIsInVzZXJfaWQiOjF9.VCiLFomO4zVhGLqypEeaqAli3p509vXCPjjbWiP52bY	2024-05-01 20:16:49.33671+00	2024-05-02 20:16:49+00	1	e673a1450d3a41799f7302dffb17671a
24	eyJhbGciOiJIUzI1NiIsInR5cCI6IkpXVCJ9.eyJ0b2tlbl90eXBlIjoicmVmcmVzaCIsImV4cCI6MTcxNDcyMzMxNCwiaWF0IjoxNzE0NjM2OTE0LCJqdGkiOiIwZTJmZGY3NWMzMzA0MzIwOTkzZjMzM2Q4OGFjYTUxMCIsInVzZXJfaWQiOjF9.MMGdPlIOWKdYU2pDuVh6jAN8lONZovn2neoDdrtKxco	2024-05-02 08:01:54.593165+00	2024-05-03 08:01:54+00	1	0e2fdf75c3304320993f333d88aca510
25	eyJhbGciOiJIUzI1NiIsInR5cCI6IkpXVCJ9.eyJ0b2tlbl90eXBlIjoicmVmcmVzaCIsImV4cCI6MTcxNDczMzgwMSwiaWF0IjoxNzE0NjQ3NDAxLCJqdGkiOiJjMzEyNTIwNjM3YTQ0Zjc3YjUxMjM4YTZkNmFkYzEwYyIsInVzZXJfaWQiOjF9.q1TF8_22kll7WgFEkXLEiKrPmmW5irpYpUwk4JbgwZI	2024-05-02 10:56:41.765276+00	2024-05-03 10:56:41+00	1	c312520637a44f77b51238a6d6adc10c
\.


--
-- Name: auth_group_id_seq; Type: SEQUENCE SET; Schema: public; Owner: hello_todo
--

SELECT pg_catalog.setval('public.auth_group_id_seq', 1, false);


--
-- Name: auth_group_permissions_id_seq; Type: SEQUENCE SET; Schema: public; Owner: hello_todo
--

SELECT pg_catalog.setval('public.auth_group_permissions_id_seq', 1, false);


--
-- Name: auth_permission_id_seq; Type: SEQUENCE SET; Schema: public; Owner: hello_todo
--

SELECT pg_catalog.setval('public.auth_permission_id_seq', 40, true);


--
-- Name: authapp_customuser_groups_id_seq; Type: SEQUENCE SET; Schema: public; Owner: hello_todo
--

SELECT pg_catalog.setval('public.authapp_customuser_groups_id_seq', 1, false);


--
-- Name: authapp_customuser_id_seq; Type: SEQUENCE SET; Schema: public; Owner: hello_todo
--

SELECT pg_catalog.setval('public.authapp_customuser_id_seq', 34, true);


--
-- Name: authapp_customuser_user_permissions_id_seq; Type: SEQUENCE SET; Schema: public; Owner: hello_todo
--

SELECT pg_catalog.setval('public.authapp_customuser_user_permissions_id_seq', 1, false);


--
-- Name: django_admin_log_id_seq; Type: SEQUENCE SET; Schema: public; Owner: hello_todo
--

SELECT pg_catalog.setval('public.django_admin_log_id_seq', 1, false);


--
-- Name: django_content_type_id_seq; Type: SEQUENCE SET; Schema: public; Owner: hello_todo
--

SELECT pg_catalog.setval('public.django_content_type_id_seq', 10, true);


--
-- Name: django_migrations_id_seq; Type: SEQUENCE SET; Schema: public; Owner: hello_todo
--

SELECT pg_catalog.setval('public.django_migrations_id_seq', 33, true);


--
-- Name: todoapp_project_id_seq; Type: SEQUENCE SET; Schema: public; Owner: hello_todo
--

SELECT pg_catalog.setval('public.todoapp_project_id_seq', 3, true);


--
-- Name: todoapp_project_project_team_id_seq; Type: SEQUENCE SET; Schema: public; Owner: hello_todo
--

SELECT pg_catalog.setval('public.todoapp_project_project_team_id_seq', 13, true);


--
-- Name: todoapp_todo_id_seq; Type: SEQUENCE SET; Schema: public; Owner: hello_todo
--

SELECT pg_catalog.setval('public.todoapp_todo_id_seq', 3, true);


--
-- Name: token_blacklist_blacklistedtoken_id_seq; Type: SEQUENCE SET; Schema: public; Owner: hello_todo
--

SELECT pg_catalog.setval('public.token_blacklist_blacklistedtoken_id_seq', 1, false);


--
-- Name: token_blacklist_outstandingtoken_id_seq; Type: SEQUENCE SET; Schema: public; Owner: hello_todo
--

SELECT pg_catalog.setval('public.token_blacklist_outstandingtoken_id_seq', 25, true);


--
-- Name: auth_group auth_group_name_key; Type: CONSTRAINT; Schema: public; Owner: hello_todo
--

ALTER TABLE ONLY public.auth_group
    ADD CONSTRAINT auth_group_name_key UNIQUE (name);


--
-- Name: auth_group_permissions auth_group_permissions_group_id_permission_id_0cd325b0_uniq; Type: CONSTRAINT; Schema: public; Owner: hello_todo
--

ALTER TABLE ONLY public.auth_group_permissions
    ADD CONSTRAINT auth_group_permissions_group_id_permission_id_0cd325b0_uniq UNIQUE (group_id, permission_id);


--
-- Name: auth_group_permissions auth_group_permissions_pkey; Type: CONSTRAINT; Schema: public; Owner: hello_todo
--

ALTER TABLE ONLY public.auth_group_permissions
    ADD CONSTRAINT auth_group_permissions_pkey PRIMARY KEY (id);


--
-- Name: auth_group auth_group_pkey; Type: CONSTRAINT; Schema: public; Owner: hello_todo
--

ALTER TABLE ONLY public.auth_group
    ADD CONSTRAINT auth_group_pkey PRIMARY KEY (id);


--
-- Name: auth_permission auth_permission_content_type_id_codename_01ab375a_uniq; Type: CONSTRAINT; Schema: public; Owner: hello_todo
--

ALTER TABLE ONLY public.auth_permission
    ADD CONSTRAINT auth_permission_content_type_id_codename_01ab375a_uniq UNIQUE (content_type_id, codename);


--
-- Name: auth_permission auth_permission_pkey; Type: CONSTRAINT; Schema: public; Owner: hello_todo
--

ALTER TABLE ONLY public.auth_permission
    ADD CONSTRAINT auth_permission_pkey PRIMARY KEY (id);


--
-- Name: authapp_customuser authapp_customuser_email_key; Type: CONSTRAINT; Schema: public; Owner: hello_todo
--

ALTER TABLE ONLY public.authapp_customuser
    ADD CONSTRAINT authapp_customuser_email_key UNIQUE (email);


--
-- Name: authapp_customuser_groups authapp_customuser_groups_customuser_id_group_id_03af0264_uniq; Type: CONSTRAINT; Schema: public; Owner: hello_todo
--

ALTER TABLE ONLY public.authapp_customuser_groups
    ADD CONSTRAINT authapp_customuser_groups_customuser_id_group_id_03af0264_uniq UNIQUE (customuser_id, group_id);


--
-- Name: authapp_customuser_groups authapp_customuser_groups_pkey; Type: CONSTRAINT; Schema: public; Owner: hello_todo
--

ALTER TABLE ONLY public.authapp_customuser_groups
    ADD CONSTRAINT authapp_customuser_groups_pkey PRIMARY KEY (id);


--
-- Name: authapp_customuser authapp_customuser_pkey; Type: CONSTRAINT; Schema: public; Owner: hello_todo
--

ALTER TABLE ONLY public.authapp_customuser
    ADD CONSTRAINT authapp_customuser_pkey PRIMARY KEY (id);


--
-- Name: authapp_customuser_user_permissions authapp_customuser_user__customuser_id_permission_abd7dbc4_uniq; Type: CONSTRAINT; Schema: public; Owner: hello_todo
--

ALTER TABLE ONLY public.authapp_customuser_user_permissions
    ADD CONSTRAINT authapp_customuser_user__customuser_id_permission_abd7dbc4_uniq UNIQUE (customuser_id, permission_id);


--
-- Name: authapp_customuser_user_permissions authapp_customuser_user_permissions_pkey; Type: CONSTRAINT; Schema: public; Owner: hello_todo
--

ALTER TABLE ONLY public.authapp_customuser_user_permissions
    ADD CONSTRAINT authapp_customuser_user_permissions_pkey PRIMARY KEY (id);


--
-- Name: django_admin_log django_admin_log_pkey; Type: CONSTRAINT; Schema: public; Owner: hello_todo
--

ALTER TABLE ONLY public.django_admin_log
    ADD CONSTRAINT django_admin_log_pkey PRIMARY KEY (id);


--
-- Name: django_content_type django_content_type_app_label_model_76bd3d3b_uniq; Type: CONSTRAINT; Schema: public; Owner: hello_todo
--

ALTER TABLE ONLY public.django_content_type
    ADD CONSTRAINT django_content_type_app_label_model_76bd3d3b_uniq UNIQUE (app_label, model);


--
-- Name: django_content_type django_content_type_pkey; Type: CONSTRAINT; Schema: public; Owner: hello_todo
--

ALTER TABLE ONLY public.django_content_type
    ADD CONSTRAINT django_content_type_pkey PRIMARY KEY (id);


--
-- Name: django_migrations django_migrations_pkey; Type: CONSTRAINT; Schema: public; Owner: hello_todo
--

ALTER TABLE ONLY public.django_migrations
    ADD CONSTRAINT django_migrations_pkey PRIMARY KEY (id);


--
-- Name: django_session django_session_pkey; Type: CONSTRAINT; Schema: public; Owner: hello_todo
--

ALTER TABLE ONLY public.django_session
    ADD CONSTRAINT django_session_pkey PRIMARY KEY (session_key);


--
-- Name: todoapp_project todoapp_project_pkey; Type: CONSTRAINT; Schema: public; Owner: hello_todo
--

ALTER TABLE ONLY public.todoapp_project
    ADD CONSTRAINT todoapp_project_pkey PRIMARY KEY (id);


--
-- Name: todoapp_project_project_team todoapp_project_project__project_id_customuser_id_bb38369c_uniq; Type: CONSTRAINT; Schema: public; Owner: hello_todo
--

ALTER TABLE ONLY public.todoapp_project_project_team
    ADD CONSTRAINT todoapp_project_project__project_id_customuser_id_bb38369c_uniq UNIQUE (project_id, customuser_id);


--
-- Name: todoapp_project_project_team todoapp_project_project_team_pkey; Type: CONSTRAINT; Schema: public; Owner: hello_todo
--

ALTER TABLE ONLY public.todoapp_project_project_team
    ADD CONSTRAINT todoapp_project_project_team_pkey PRIMARY KEY (id);


--
-- Name: todoapp_todo todoapp_todo_pkey; Type: CONSTRAINT; Schema: public; Owner: hello_todo
--

ALTER TABLE ONLY public.todoapp_todo
    ADD CONSTRAINT todoapp_todo_pkey PRIMARY KEY (id);


--
-- Name: token_blacklist_blacklistedtoken token_blacklist_blacklistedtoken_pkey; Type: CONSTRAINT; Schema: public; Owner: hello_todo
--

ALTER TABLE ONLY public.token_blacklist_blacklistedtoken
    ADD CONSTRAINT token_blacklist_blacklistedtoken_pkey PRIMARY KEY (id);


--
-- Name: token_blacklist_blacklistedtoken token_blacklist_blacklistedtoken_token_id_key; Type: CONSTRAINT; Schema: public; Owner: hello_todo
--

ALTER TABLE ONLY public.token_blacklist_blacklistedtoken
    ADD CONSTRAINT token_blacklist_blacklistedtoken_token_id_key UNIQUE (token_id);


--
-- Name: token_blacklist_outstandingtoken token_blacklist_outstandingtoken_jti_hex_d9bdf6f7_uniq; Type: CONSTRAINT; Schema: public; Owner: hello_todo
--

ALTER TABLE ONLY public.token_blacklist_outstandingtoken
    ADD CONSTRAINT token_blacklist_outstandingtoken_jti_hex_d9bdf6f7_uniq UNIQUE (jti);


--
-- Name: token_blacklist_outstandingtoken token_blacklist_outstandingtoken_pkey; Type: CONSTRAINT; Schema: public; Owner: hello_todo
--

ALTER TABLE ONLY public.token_blacklist_outstandingtoken
    ADD CONSTRAINT token_blacklist_outstandingtoken_pkey PRIMARY KEY (id);


--
-- Name: auth_group_name_a6ea08ec_like; Type: INDEX; Schema: public; Owner: hello_todo
--

CREATE INDEX auth_group_name_a6ea08ec_like ON public.auth_group USING btree (name varchar_pattern_ops);


--
-- Name: auth_group_permissions_group_id_b120cbf9; Type: INDEX; Schema: public; Owner: hello_todo
--

CREATE INDEX auth_group_permissions_group_id_b120cbf9 ON public.auth_group_permissions USING btree (group_id);


--
-- Name: auth_group_permissions_permission_id_84c5c92e; Type: INDEX; Schema: public; Owner: hello_todo
--

CREATE INDEX auth_group_permissions_permission_id_84c5c92e ON public.auth_group_permissions USING btree (permission_id);


--
-- Name: auth_permission_content_type_id_2f476e4b; Type: INDEX; Schema: public; Owner: hello_todo
--

CREATE INDEX auth_permission_content_type_id_2f476e4b ON public.auth_permission USING btree (content_type_id);


--
-- Name: authapp_customuser_email_40efe401_like; Type: INDEX; Schema: public; Owner: hello_todo
--

CREATE INDEX authapp_customuser_email_40efe401_like ON public.authapp_customuser USING btree (email varchar_pattern_ops);


--
-- Name: authapp_customuser_groups_customuser_id_d338aa9f; Type: INDEX; Schema: public; Owner: hello_todo
--

CREATE INDEX authapp_customuser_groups_customuser_id_d338aa9f ON public.authapp_customuser_groups USING btree (customuser_id);


--
-- Name: authapp_customuser_groups_group_id_4143a1f8; Type: INDEX; Schema: public; Owner: hello_todo
--

CREATE INDEX authapp_customuser_groups_group_id_4143a1f8 ON public.authapp_customuser_groups USING btree (group_id);


--
-- Name: authapp_customuser_user_permissions_customuser_id_5e7638ee; Type: INDEX; Schema: public; Owner: hello_todo
--

CREATE INDEX authapp_customuser_user_permissions_customuser_id_5e7638ee ON public.authapp_customuser_user_permissions USING btree (customuser_id);


--
-- Name: authapp_customuser_user_permissions_permission_id_a4c601ab; Type: INDEX; Schema: public; Owner: hello_todo
--

CREATE INDEX authapp_customuser_user_permissions_permission_id_a4c601ab ON public.authapp_customuser_user_permissions USING btree (permission_id);


--
-- Name: django_admin_log_content_type_id_c4bce8eb; Type: INDEX; Schema: public; Owner: hello_todo
--

CREATE INDEX django_admin_log_content_type_id_c4bce8eb ON public.django_admin_log USING btree (content_type_id);


--
-- Name: django_admin_log_user_id_c564eba6; Type: INDEX; Schema: public; Owner: hello_todo
--

CREATE INDEX django_admin_log_user_id_c564eba6 ON public.django_admin_log USING btree (user_id);


--
-- Name: django_session_expire_date_a5c62663; Type: INDEX; Schema: public; Owner: hello_todo
--

CREATE INDEX django_session_expire_date_a5c62663 ON public.django_session USING btree (expire_date);


--
-- Name: django_session_session_key_c0390e0f_like; Type: INDEX; Schema: public; Owner: hello_todo
--

CREATE INDEX django_session_session_key_c0390e0f_like ON public.django_session USING btree (session_key varchar_pattern_ops);


--
-- Name: todoapp_project_project_team_customuser_id_e7dc261b; Type: INDEX; Schema: public; Owner: hello_todo
--

CREATE INDEX todoapp_project_project_team_customuser_id_e7dc261b ON public.todoapp_project_project_team USING btree (customuser_id);


--
-- Name: todoapp_project_project_team_project_id_7988984d; Type: INDEX; Schema: public; Owner: hello_todo
--

CREATE INDEX todoapp_project_project_team_project_id_7988984d ON public.todoapp_project_project_team USING btree (project_id);


--
-- Name: todoapp_todo_project_id_43a1debe; Type: INDEX; Schema: public; Owner: hello_todo
--

CREATE INDEX todoapp_todo_project_id_43a1debe ON public.todoapp_todo USING btree (project_id);


--
-- Name: todoapp_todo_user_id_d1e70406; Type: INDEX; Schema: public; Owner: hello_todo
--

CREATE INDEX todoapp_todo_user_id_d1e70406 ON public.todoapp_todo USING btree (user_id);


--
-- Name: token_blacklist_outstandingtoken_jti_hex_d9bdf6f7_like; Type: INDEX; Schema: public; Owner: hello_todo
--

CREATE INDEX token_blacklist_outstandingtoken_jti_hex_d9bdf6f7_like ON public.token_blacklist_outstandingtoken USING btree (jti varchar_pattern_ops);


--
-- Name: token_blacklist_outstandingtoken_user_id_83bc629a; Type: INDEX; Schema: public; Owner: hello_todo
--

CREATE INDEX token_blacklist_outstandingtoken_user_id_83bc629a ON public.token_blacklist_outstandingtoken USING btree (user_id);


--
-- Name: auth_group_permissions auth_group_permissio_permission_id_84c5c92e_fk_auth_perm; Type: FK CONSTRAINT; Schema: public; Owner: hello_todo
--

ALTER TABLE ONLY public.auth_group_permissions
    ADD CONSTRAINT auth_group_permissio_permission_id_84c5c92e_fk_auth_perm FOREIGN KEY (permission_id) REFERENCES public.auth_permission(id) DEFERRABLE INITIALLY DEFERRED;


--
-- Name: auth_group_permissions auth_group_permissions_group_id_b120cbf9_fk_auth_group_id; Type: FK CONSTRAINT; Schema: public; Owner: hello_todo
--

ALTER TABLE ONLY public.auth_group_permissions
    ADD CONSTRAINT auth_group_permissions_group_id_b120cbf9_fk_auth_group_id FOREIGN KEY (group_id) REFERENCES public.auth_group(id) DEFERRABLE INITIALLY DEFERRED;


--
-- Name: auth_permission auth_permission_content_type_id_2f476e4b_fk_django_co; Type: FK CONSTRAINT; Schema: public; Owner: hello_todo
--

ALTER TABLE ONLY public.auth_permission
    ADD CONSTRAINT auth_permission_content_type_id_2f476e4b_fk_django_co FOREIGN KEY (content_type_id) REFERENCES public.django_content_type(id) DEFERRABLE INITIALLY DEFERRED;


--
-- Name: authapp_customuser_groups authapp_customuser_g_customuser_id_d338aa9f_fk_authapp_c; Type: FK CONSTRAINT; Schema: public; Owner: hello_todo
--

ALTER TABLE ONLY public.authapp_customuser_groups
    ADD CONSTRAINT authapp_customuser_g_customuser_id_d338aa9f_fk_authapp_c FOREIGN KEY (customuser_id) REFERENCES public.authapp_customuser(id) DEFERRABLE INITIALLY DEFERRED;


--
-- Name: authapp_customuser_groups authapp_customuser_groups_group_id_4143a1f8_fk_auth_group_id; Type: FK CONSTRAINT; Schema: public; Owner: hello_todo
--

ALTER TABLE ONLY public.authapp_customuser_groups
    ADD CONSTRAINT authapp_customuser_groups_group_id_4143a1f8_fk_auth_group_id FOREIGN KEY (group_id) REFERENCES public.auth_group(id) DEFERRABLE INITIALLY DEFERRED;


--
-- Name: authapp_customuser_user_permissions authapp_customuser_u_customuser_id_5e7638ee_fk_authapp_c; Type: FK CONSTRAINT; Schema: public; Owner: hello_todo
--

ALTER TABLE ONLY public.authapp_customuser_user_permissions
    ADD CONSTRAINT authapp_customuser_u_customuser_id_5e7638ee_fk_authapp_c FOREIGN KEY (customuser_id) REFERENCES public.authapp_customuser(id) DEFERRABLE INITIALLY DEFERRED;


--
-- Name: authapp_customuser_user_permissions authapp_customuser_u_permission_id_a4c601ab_fk_auth_perm; Type: FK CONSTRAINT; Schema: public; Owner: hello_todo
--

ALTER TABLE ONLY public.authapp_customuser_user_permissions
    ADD CONSTRAINT authapp_customuser_u_permission_id_a4c601ab_fk_auth_perm FOREIGN KEY (permission_id) REFERENCES public.auth_permission(id) DEFERRABLE INITIALLY DEFERRED;


--
-- Name: django_admin_log django_admin_log_content_type_id_c4bce8eb_fk_django_co; Type: FK CONSTRAINT; Schema: public; Owner: hello_todo
--

ALTER TABLE ONLY public.django_admin_log
    ADD CONSTRAINT django_admin_log_content_type_id_c4bce8eb_fk_django_co FOREIGN KEY (content_type_id) REFERENCES public.django_content_type(id) DEFERRABLE INITIALLY DEFERRED;


--
-- Name: django_admin_log django_admin_log_user_id_c564eba6_fk_authapp_customuser_id; Type: FK CONSTRAINT; Schema: public; Owner: hello_todo
--

ALTER TABLE ONLY public.django_admin_log
    ADD CONSTRAINT django_admin_log_user_id_c564eba6_fk_authapp_customuser_id FOREIGN KEY (user_id) REFERENCES public.authapp_customuser(id) DEFERRABLE INITIALLY DEFERRED;


--
-- Name: todoapp_project_project_team todoapp_project_proj_customuser_id_e7dc261b_fk_authapp_c; Type: FK CONSTRAINT; Schema: public; Owner: hello_todo
--

ALTER TABLE ONLY public.todoapp_project_project_team
    ADD CONSTRAINT todoapp_project_proj_customuser_id_e7dc261b_fk_authapp_c FOREIGN KEY (customuser_id) REFERENCES public.authapp_customuser(id) DEFERRABLE INITIALLY DEFERRED;


--
-- Name: todoapp_project_project_team todoapp_project_proj_project_id_7988984d_fk_todoapp_p; Type: FK CONSTRAINT; Schema: public; Owner: hello_todo
--

ALTER TABLE ONLY public.todoapp_project_project_team
    ADD CONSTRAINT todoapp_project_proj_project_id_7988984d_fk_todoapp_p FOREIGN KEY (project_id) REFERENCES public.todoapp_project(id) DEFERRABLE INITIALLY DEFERRED;


--
-- Name: todoapp_todo todoapp_todo_project_id_43a1debe_fk_todoapp_project_id; Type: FK CONSTRAINT; Schema: public; Owner: hello_todo
--

ALTER TABLE ONLY public.todoapp_todo
    ADD CONSTRAINT todoapp_todo_project_id_43a1debe_fk_todoapp_project_id FOREIGN KEY (project_id) REFERENCES public.todoapp_project(id) DEFERRABLE INITIALLY DEFERRED;


--
-- Name: todoapp_todo todoapp_todo_user_id_d1e70406_fk_authapp_customuser_id; Type: FK CONSTRAINT; Schema: public; Owner: hello_todo
--

ALTER TABLE ONLY public.todoapp_todo
    ADD CONSTRAINT todoapp_todo_user_id_d1e70406_fk_authapp_customuser_id FOREIGN KEY (user_id) REFERENCES public.authapp_customuser(id) DEFERRABLE INITIALLY DEFERRED;


--
-- Name: token_blacklist_blacklistedtoken token_blacklist_blacklistedtoken_token_id_3cc7fe56_fk; Type: FK CONSTRAINT; Schema: public; Owner: hello_todo
--

ALTER TABLE ONLY public.token_blacklist_blacklistedtoken
    ADD CONSTRAINT token_blacklist_blacklistedtoken_token_id_3cc7fe56_fk FOREIGN KEY (token_id) REFERENCES public.token_blacklist_outstandingtoken(id) DEFERRABLE INITIALLY DEFERRED;


--
-- Name: token_blacklist_outstandingtoken token_blacklist_outs_user_id_83bc629a_fk_authapp_c; Type: FK CONSTRAINT; Schema: public; Owner: hello_todo
--

ALTER TABLE ONLY public.token_blacklist_outstandingtoken
    ADD CONSTRAINT token_blacklist_outs_user_id_83bc629a_fk_authapp_c FOREIGN KEY (user_id) REFERENCES public.authapp_customuser(id) DEFERRABLE INITIALLY DEFERRED;


--
-- PostgreSQL database dump complete
--

